Product Name,Description,Price,Category,Rating
Laptop,"The new XYZ laptop is perfect for both work and play. With its sleek design and high performance, you can breeze through your daily tasks with ease. It comes with a powerful processor, ample storage, and a crisp display.",$999,Electronics,4.5
Smartphone,"Stay connected and organized with the latest ABC smartphone. This feature-packed device offers a stunning display, top-notch camera, and fast performance. Whether you're gaming, taking photos, or simply browsing the web, this smartphone has you covered.",$799,Electronics,4.2
Running Shoes,"Hit the ground running with our comfortable and durable running shoes. Designed for maximum performance and support, these shoes will take your workouts to the next level. With breathable materials and cushioned soles, you'll be ready to conquer any race.",$99,Footwear,4.6
Yoga Mat,"Achieve zen with our premium yoga mat. Made from eco-friendly materials and featuring a non-slip surface, this mat provides the perfect foundation for your yoga practice. Whether you're a beginner or a seasoned yogi, this mat is sure to enhance your sessions.",$49,Fitness,4.8
Coffee Maker,"Start your day right with our state-of-the-art coffee maker. Brew your favorite blend at the touch of a button and enjoy a fresh cup of coffee in minutes. With programmable features and a sleek design, this coffee maker is a must-have for caffeine lovers.",$129,Kitchen Appliances,4.3
Wireless Headphones,"Cut the cord and enjoy the freedom of wireless listening with our Bluetooth headphones. Immerse yourself in your favorite music or podcasts with clear sound quality and comfortable ear cushions. With long battery life and easy connectivity, these headphones are perfect for on-the-go.",$79,Electronics,4.4
Dress,"Make a statement with our elegant and versatile dress. Whether you're attending a formal event or a casual gathering, this dress is sure to turn heads. With its flattering silhouette and high-quality fabric, you'll feel confident and stylish wherever you go.",$129,Apparel,4.7
Gaming Chair,"Upgrade your gaming setup with our ergonomic gaming chair. Designed for comfort and support during long gaming sessions, this chair features adjustable settings and lumbar support. With a sleek design and sturdy construction, this chair is a gamer's dream come true.",$199,Home & Office,4.5
Cookware Set,"Cook like a pro with our premium cookware set. Whether you're saut√©ing, simmering, or frying, this set has everything you need to whip up delicious meals. With durable construction and non-stick surfaces, cooking has never been easier or more enjoyable.",$149,Kitchenware,4.6
Dumbbell Set,"Build strength and muscle with our versatile dumbbell set. Featuring a range of weights and a convenient storage rack, this set is perfect for at-home workouts. Whether you're a beginner or a seasoned lifter, these dumbbells will help you reach your fitness goals.",$79,Fitness,4.7
Comforter Set,"Transform your bedroom into a cozy oasis with our luxurious comforter set. Made from soft and hypoallergenic materials, this set will keep you warm and comfortable all night long. With stylish patterns and colors to choose from, you can personalize your sleep space with ease.",$89,Home & Decor,4.4
Portable Speaker,"Take your music anywhere with our portable Bluetooth speaker. Whether you're at the beach, the park, or a party, this speaker delivers crisp sound and impressive bass. With a long-lasting battery and rugged design, this speaker is built for adventures.",$59,Electronics,4.2
Sunglasses,"Protect your eyes in style with our trendy sunglasses. Made from durable materials and featuring UV protection, these sunglasses will keep your eyes safe from the sun's harmful rays. Whether you're lounging by the pool or hitting the slopes, these sunglasses are a must-have accessory.",$49,Accessories,4.6
Backpack,"Stay organized on the go with our versatile backpack. With multiple compartments, padded straps, and durable construction, this backpack is perfect for daily commutes, travel, or outdoor adventures. Whether you're carrying textbooks, a laptop, or hiking gear, this backpack has you covered.",$69,Travel & Accessories,4.5
Watch,"Add a touch of class to your wrist with our stylish watch. Featuring a sleek design and reliable timekeeping, this watch is perfect for everyday wear or special occasions. With a variety of straps and finishes to choose from, you can find the perfect watch to complement your style.",$99,Accessories,4.8
Water Bottle,"Stay hydrated on the go with our durable water bottle. Made from high-quality materials and featuring a leak-proof design, this bottle is perfect for workouts, hikes, or everyday use. With a stylish look and convenient size, you can stay refreshed wherever you are.",$19,Travel & Accessories,4.3
